{"Precision": 0.9973661189963662,
"Recall": 0.9973452547865861,
"F1-score": 0.9973547558818553,
"Accuracy": 0.9973452547865861}